,City,Cloudiness,Country,Date,Humidity,Lat,Lng,Max Temp,Wind Speed
0,Hasaki,75,JP,2019-03-22 00:16:38,88,35.73,140.83,63.0,9.17
1,Barrow,44,AR,2019-03-22 00:28:25,78,-38.31,-60.23,54.23,8.32
2,Arraial do Cabo,90,BR,2019-03-21 23:00:00,94,-22.97,-42.02,71.6,16.26
3,Bulawayo,0,ZW,2019-03-22 00:28:25,89,-20.16,28.59,60.62,4.97
4,Hithadhoo,76,MV,2019-03-22 00:28:25,100,-0.6,73.08,84.56,5.75
5,Jasper,0,US,2019-03-22 00:28:01,47,33.83,-87.28,63.0,8.99
6,Kapaa,75,US,2019-03-22 00:23:22,57,22.08,-159.32,80.6,11.41
7,Rikitea,0,PF,2019-03-22 00:28:26,98,-23.12,-134.97,79.34,19.06
8,Okhotsk,68,RU,2019-03-22 00:28:26,82,59.36,143.24,13.01,4.74
9,Lodja,48,CD,2019-03-22 00:28:27,88,-3.52,23.6,75.02,2.39
10,Punta Arenas,75,CL,2019-03-22 00:23:10,71,-53.16,-70.91,53.6,8.05
11,Nanortalik,68,GL,2019-03-22 00:23:37,100,60.14,-45.24,22.01,29.91
12,Ushuaia,75,AR,2019-03-21 23:00:00,93,-54.81,-68.31,46.4,16.11
13,Chokurdakh,12,RU,2019-03-22 00:28:27,47,70.62,147.9,-16.15,4.52
14,Ribeira Grande,36,PT,2019-03-22 00:28:28,98,38.52,-28.7,60.89,10.11
15,Bethanien,0,NA,2019-03-22 00:28:28,39,-26.5,17.16,61.07,4.74
16,Jamestown,44,AU,2019-03-22 00:28:28,82,-33.21,138.6,70.34,4.63
17,Bredasdorp,100,ZA,2019-03-22 00:01:40,88,-34.53,20.04,63.0,1.12
18,Avarua,0,CK,2019-03-22 00:00:00,79,-21.21,-159.78,86.0,9.17
19,Hosanagara,0,IN,2019-03-22 00:28:29,94,13.92,75.07,64.58,1.39
20,Tual,0,ID,2019-03-22 00:28:29,95,-5.67,132.75,84.92,13.69
21,Maningrida,56,AU,2019-03-22 00:28:30,94,-12.05,134.23,83.12,4.29
22,Kodiak,1,US,2019-03-22 00:28:23,18,39.95,-94.76,54.0,5.82
23,Castro,90,CL,2019-03-21 23:00:00,100,-42.48,-73.76,55.4,8.05
24,Lucea,75,JM,2019-03-22 00:15:56,78,18.44,-78.17,80.01,6.93
25,Pangkalanbuun,64,ID,2019-03-22 00:28:31,97,-2.68,111.62,75.2,4.18
26,Trat,32,TH,2019-03-22 00:27:18,61,12.25,102.51,88.0,6.42
27,Babushkin,12,RU,2019-03-22 00:28:31,86,51.72,105.86,15.89,3.96
28,Sorong,36,ID,2019-03-22 00:28:31,100,-0.86,131.25,80.87,6.64
29,Alofi,90,NU,2019-03-22 00:00:00,83,-19.06,-169.92,80.6,8.05
30,Bakchar,36,RU,2019-03-22 00:28:32,86,57.02,82.07,22.37,7.43
31,Torbay,5,CA,2019-03-22 00:28:22,63,47.66,-52.73,30.99,14.99
32,Port Hardy,75,CA,2019-03-22 00:00:00,48,50.7,-127.42,60.8,3.36
33,Tasiilaq,92,GL,2019-03-21 23:50:00,78,65.61,-37.64,15.8,41.38
34,Busselton,36,AU,2019-03-22 00:25:15,50,-33.64,115.35,72.0,18.84
35,Albany,90,US,2019-03-22 00:28:28,80,42.65,-73.75,41.0,4.7
36,Nikolskoye,90,RU,2019-03-22 00:27:16,93,59.7,30.79,37.4,15.66
37,Atherton,90,GB,2019-03-22 00:28:27,87,53.52,-2.49,53.01,3.36
38,Yellowknife,20,CA,2019-03-22 00:22:48,65,62.45,-114.38,41.0,17.22
39,Bathsheba,75,BB,2019-03-21 23:00:00,83,13.22,-59.52,77.0,9.17
40,Springbok,0,ZA,2019-03-22 00:28:34,57,-29.67,17.88,55.67,6.76
41,Caravelas,64,BR,2019-03-22 00:28:34,100,-17.73,-39.27,81.86,20.07
42,Mar del Plata,8,AR,2019-03-22 00:25:51,52,-46.43,-67.52,57.2,6.98
43,Bluff,0,AU,2019-03-22 00:28:35,68,-23.58,149.07,83.3,5.64
44,Dingle,0,PH,2019-03-22 00:28:35,65,11.0,122.67,80.06,11.01
45,Horta,0,ES,2019-03-22 00:28:04,80,41.43,2.16,54.0,4.7
46,Gambo,12,NG,2019-03-22 00:28:36,46,11.96,9.63,81.86,6.76
47,Gorontalo,20,ID,2019-03-22 00:28:36,88,0.54,123.06,77.72,2.51
48,Matara,64,PE,2019-03-22 00:28:36,88,-13.74,-72.9,46.58,1.95
49,Kavieng,32,PG,2019-03-22 00:28:36,97,-2.57,150.8,85.01,5.41
50,Saint Petersburg,90,RU,2019-03-22 00:27:16,93,59.94,30.32,37.4,15.66
51,Hermanus,56,ZA,2019-03-22 00:17:25,91,-34.42,19.24,66.0,4.74
52,Karachi,0,PK,2019-03-22 00:00:00,72,24.87,67.03,68.0,10.11
53,Saskylakh,64,RU,2019-03-22 00:28:37,78,71.97,114.09,8.33,1.16
54,Khabarovsk,0,RU,2019-03-21 23:30:00,44,48.48,135.08,17.6,15.66
55,Mecca,0,SA,2019-03-22 00:28:38,88,21.43,39.83,61.61,2.62
56,Nyurba,44,RU,2019-03-22 00:28:38,80,63.29,118.35,3.74,6.98
57,San Patricio,0,PY,2019-03-22 00:28:38,63,-26.98,-56.83,67.37,5.75
58,Airai,0,TL,2019-03-22 00:28:38,73,-8.93,125.41,77.72,1.83
59,Ladario,0,PT,2019-03-22 00:28:32,81,40.7,-7.74,51.01,1.95
60,Visnes,0,NO,2019-03-22 00:28:07,98,59.36,5.22,39.0,10.29
61,Ilulissat,36,GL,2019-03-21 23:50:00,63,69.22,-51.1,-9.41,14.99
62,Bambous Virieux,75,MU,2019-03-22 00:24:01,74,-20.34,57.76,82.4,4.7
63,Gat,75,SN,2019-03-22 00:00:00,88,14.69,-16.54,68.0,10.29
64,Marjamaa,0,EE,2019-03-22 00:25:03,69,58.9,24.43,39.0,13.87
65,Lorengau,48,PG,2019-03-22 00:28:40,98,-2.02,147.27,83.21,6.2
66,Grand Gaube,75,MU,2019-03-22 00:24:01,74,-20.01,57.66,82.4,4.7
67,Kloulklubed,75,PW,2019-03-21 23:50:00,74,7.04,134.26,82.4,9.17
68,Geraldton,90,CA,2019-03-22 00:00:00,59,49.72,-86.95,33.8,10.29
69,Mataura,24,NZ,2019-03-22 00:28:41,67,-46.19,168.86,71.24,4.29
70,Luderitz,0,NA,2019-03-22 00:28:41,82,-26.65,15.16,59.99,15.93
71,Atuona,0,PF,2019-03-22 00:28:42,100,-9.8,-139.03,81.86,15.48
72,Husavik,0,CA,2019-03-22 00:25:51,56,50.56,-96.99,42.01,5.01
73,Vaini,0,IN,2019-03-22 00:28:42,85,15.34,74.49,60.08,1.39
74,Mahebourg,75,MU,2019-03-22 00:24:01,74,-20.41,57.7,82.4,4.7
75,Acari,24,BR,2019-03-22 00:28:43,97,-6.44,-36.64,68.36,2.39
76,East London,0,ZA,2019-03-22 00:28:43,100,-33.02,27.91,68.36,11.68
77,Port Augusta,12,AU,2019-03-22 00:26:32,83,-32.49,137.76,84.0,11.41
78,Naze,75,NG,2019-03-22 00:00:00,88,5.43,7.07,78.8,2.24
79,Ponta Delgada,75,PT,2019-03-22 00:27:27,82,37.73,-25.67,57.2,2.24
80,Atambua,0,ID,2019-03-22 00:28:44,94,-9.11,124.89,83.3,6.76
81,Mount Isa,0,AU,2019-03-21 23:30:00,45,-20.73,139.49,87.8,12.75
82,Robertsport,48,LR,2019-03-22 00:28:44,100,6.75,-11.37,81.77,8.43
83,Hami,8,CN,2019-03-22 00:28:45,66,42.84,93.51,23.72,3.4
84,San Luis,0,AR,2019-03-22 00:28:46,39,-33.3,-66.34,68.0,11.56
85,Saint-Georges,92,CA,2019-03-22 00:17:42,64,46.12,-70.67,42.01,6.76
86,Comodoro Rivadavia,0,AR,2019-03-21 23:00:00,55,-45.87,-67.48,60.8,5.75
87,Cockburn Town,0,TC,2019-03-22 00:28:46,93,21.46,-71.14,80.96,4.97
88,Fort Nelson,75,CA,2019-03-22 00:00:00,32,58.81,-122.69,53.6,2.24
89,Aguadilla,75,PR,2019-03-22 00:25:39,65,18.43,-67.15,80.01,3.36
90,Butembo,8,CD,2019-03-22 00:28:47,90,0.12,29.29,57.83,1.39
91,Cidreira,0,BR,2019-03-22 00:28:47,83,-30.17,-50.22,62.24,6.31
92,Tautira,75,PF,2019-03-22 00:23:06,74,-17.73,-149.15,84.2,11.41
93,Porangatu,64,BR,2019-03-22 00:28:48,96,-13.44,-49.14,73.49,2.84
94,Talnakh,80,RU,2019-03-22 00:28:48,94,69.49,88.39,20.75,3.51
95,Verkhnyaya Inta,88,RU,2019-03-22 00:28:48,84,65.99,60.32,27.5,5.86
96,Upernavik,32,GL,2019-03-22 00:28:48,100,72.79,-56.15,-14.17,1.61
97,Tessalit,0,ML,2019-03-22 00:28:49,22,20.2,1.01,56.48,3.74
98,Roald,32,NO,2019-03-22 00:25:03,52,62.58,6.12,44.6,14.99
99,Yatou,75,CM,2019-03-22 00:00:00,100,3.63,9.81,80.6,1.12
100,Zhigansk,36,RU,2019-03-22 00:28:49,75,66.77,123.37,-3.28,11.79
101,Norman Wells,75,CA,2019-03-22 00:00:00,64,65.28,-126.83,35.6,12.75
102,Hilo,90,US,2019-03-22 00:28:32,73,19.71,-155.08,77.0,15.26
103,Butaritari,76,KI,2019-03-22 00:28:50,100,3.07,172.79,81.86,8.99
104,Yar-Sale,44,RU,2019-03-22 00:28:50,82,66.83,70.83,18.86,11.34
105,Port Elizabeth,90,US,2019-03-22 00:28:29,93,39.31,-74.98,51.8,24.16
106,Cape Town,0,ZA,2019-03-22 00:26:05,68,-33.93,18.42,66.2,24.16
107,Baker City,20,US,2019-03-22 00:17:14,27,44.77,-117.83,62.6,8.05
108,Hamilton,90,CA,2019-03-22 00:28:42,93,43.26,-79.87,44.01,8.05
109,Thompson,20,CA,2019-03-22 00:00:00,54,55.74,-97.86,30.2,13.87
110,Georgetown,20,GY,2019-03-21 23:00:00,78,6.8,-58.16,80.6,11.41
111,Zomin,20,UZ,2019-03-22 00:28:53,79,39.96,68.4,41.99,2.73
112,Longyearbyen,20,NO,2019-03-21 23:50:00,85,78.22,15.63,19.4,8.05
113,Taksimo,24,RU,2019-03-22 00:28:53,55,56.36,114.84,9.59,3.4
114,Concarneau,0,FR,2019-03-22 00:28:34,87,47.88,-3.92,48.2,4.7
115,Jinchang,0,CN,2019-03-22 00:28:54,47,38.52,102.19,10.76,2.95
116,Tiznit,0,MA,2019-03-22 00:28:54,93,29.7,-9.73,55.58,4.63
117,Flin Flon,20,CA,2019-03-21 23:00:00,36,54.77,-101.88,46.4,5.82
118,New Norfolk,75,AU,2019-03-22 00:28:16,82,-42.78,147.06,63.0,3.36
119,Hobart,75,AU,2019-03-22 00:28:16,82,-42.88,147.33,63.0,3.36
120,Provideniya,75,RU,2019-03-21 23:30:00,50,64.42,-173.23,8.6,17.9
121,Canby,90,US,2019-03-22 00:24:40,71,45.26,-122.69,57.99,4.7
122,Mogadishu,8,SO,2019-03-22 00:24:03,100,2.04,45.34,81.77,18.84
123,Serra Branca,44,BR,2019-03-22 00:28:56,94,-7.57,-40.23,70.34,1.95
124,Price,75,US,2019-03-22 00:24:04,93,39.6,-110.81,46.99,9.17
125,Saint George,20,GR,2019-03-22 00:23:19,87,39.45,22.34,53.01,4.7
126,Rodrigues Alves,40,BR,2019-03-21 23:00:00,88,-7.74,-72.65,80.6,2.95
127,Banda Aceh,12,ID,2019-03-22 00:24:04,97,5.56,95.32,73.22,1.95
128,Tuktoyaktuk,90,CA,2019-03-22 00:00:00,85,69.44,-133.03,15.8,14.99
129,Quatre Cocos,75,MU,2019-03-22 00:24:01,74,-20.21,57.76,82.4,4.7
130,Vanimo,20,PG,2019-03-22 00:28:57,98,-2.67,141.3,83.03,17.05
131,Ulaanbaatar,20,MN,2019-03-21 23:30:00,78,47.92,106.92,10.4,10.0
132,Ancud,90,CL,2019-03-21 23:00:00,100,-41.87,-73.83,55.4,8.05
133,Fortuna,0,ES,2019-03-22 00:28:43,61,38.18,-1.13,50.0,5.82
134,Ponta do Sol,92,BR,2019-03-22 00:28:58,97,-20.63,-46.0,66.47,7.09
135,Saldanha,0,PT,2019-03-22 00:28:58,86,41.42,-6.55,32.36,3.29
136,Taoudenni,88,ML,2019-03-22 00:24:21,15,22.68,-3.98,68.09,8.1
137,Iskateley,64,RU,2019-03-22 00:28:59,89,67.68,53.15,20.48,5.53
138,Te Anau,0,NZ,2019-03-22 00:28:59,69,-45.41,167.72,68.45,3.51
139,Buraydah,0,SA,2019-03-22 00:28:59,65,26.33,43.97,58.28,7.2
140,Lebu,40,ET,2019-03-22 00:00:00,45,8.96,38.73,64.4,6.93
141,Palora,40,EC,2019-03-21 23:00:00,83,-1.7,-77.97,77.0,2.24
142,Sola,0,NO,2019-03-22 00:28:18,99,58.89,5.65,39.0,6.93
143,Isangel,75,VU,2019-03-21 23:00:00,70,-19.55,169.27,87.8,13.87
144,Coquimbo,20,CL,2019-03-21 23:00:00,82,-29.95,-71.34,57.2,6.93
145,College,75,US,2019-03-22 00:24:05,34,64.86,-147.8,53.01,3.36
146,Srednekolymsk,0,RU,2019-03-22 00:29:01,66,67.46,153.71,-4.27,3.18
147,Itarema,76,BR,2019-03-22 00:29:01,96,-2.92,-39.92,77.72,4.18
148,Khatanga,48,RU,2019-03-22 00:29:01,74,71.98,102.47,-0.13,10.22
149,Paramonga,8,PE,2019-03-22 00:29:01,98,-10.68,-77.82,69.26,8.99
150,Rawson,44,AR,2019-03-22 00:29:02,34,-43.3,-65.11,64.04,4.74
151,Aripuana,76,BR,2019-03-22 00:29:02,97,-9.17,-60.63,75.38,2.06
152,Don Sak,20,TH,2019-03-22 00:21:03,88,9.32,99.69,80.6,5.19
153,Saint-Philippe,90,CA,2019-03-22 00:28:48,75,45.36,-73.48,42.8,16.11
154,Yulara,0,AU,2019-03-21 23:00:00,23,-25.24,130.99,82.4,6.93
155,Avera,40,US,2019-03-22 00:28:12,44,33.19,-82.53,62.6,13.87
156,Qaanaaq,20,GL,2019-03-22 00:29:03,89,77.48,-69.36,-21.55,7.43
157,Meulaboh,24,ID,2019-03-22 00:29:03,100,4.14,96.13,77.99,4.18
158,Trincomalee,8,LK,2019-03-22 00:29:03,92,8.58,81.23,73.67,2.73
159,Moussoro,8,TD,2019-03-22 00:29:04,53,13.64,16.49,72.59,2.73
160,Salalah,0,OM,2019-03-21 23:50:00,73,17.01,54.1,75.2,1.12
161,Linxia,76,CN,2019-03-22 00:29:04,88,35.6,103.21,22.91,2.95
162,Yumen,8,CN,2019-03-22 00:29:04,61,40.29,97.04,17.51,3.62
163,Ahipara,64,NZ,2019-03-22 00:29:05,71,-35.17,173.16,74.39,8.43
164,Fairbanks,75,US,2019-03-22 00:24:05,34,64.84,-147.72,53.01,3.36
165,Verkhoyansk,0,RU,2019-03-22 00:29:05,48,67.55,133.39,-17.14,2.62
166,Touros,0,BR,2019-03-21 23:00:00,88,-5.2,-35.46,80.6,2.24
167,Chernyanka,80,RU,2019-03-22 00:29:06,90,50.94,37.8,29.48,7.2
168,Necochea,56,AR,2019-03-22 00:26:52,74,-38.55,-58.74,55.0,3.0
169,Kruisfontein,0,ZA,2019-03-22 00:29:06,86,-34.0,24.73,59.9,8.21
170,Margate,75,AU,2019-03-22 00:28:16,82,-43.03,147.26,63.0,3.36
171,Kaitangata,76,NZ,2019-03-22 00:29:07,83,-46.28,169.85,68.99,4.07
172,Port Alfred,12,ZA,2019-03-22 00:26:28,90,-33.59,26.89,64.0,3.0
173,Mao,40,DO,2019-03-22 00:25:33,74,19.55,-71.08,80.6,11.41
174,Puerto Ayora,20,EC,2019-03-22 00:15:39,78,-0.74,-90.35,82.4,12.75
175,Marmande,0,FR,2019-03-22 00:28:54,70,44.5,0.16,44.01,3.36
176,Aswan,0,EG,2019-03-21 23:00:00,15,24.09,32.9,73.4,4.7
177,Ust-Tsilma,88,RU,2019-03-22 00:29:08,94,65.44,52.15,26.69,3.51
178,Leningradskiy,12,RU,2019-03-22 00:29:08,100,69.38,178.42,-10.21,4.07
179,Vardo,90,US,2019-03-22 00:27:57,86,39.62,-77.74,44.01,11.41
180,Alice Springs,0,AU,2019-03-21 23:30:00,21,-23.7,133.88,84.2,8.05
181,General Pico,36,AR,2019-03-22 00:29:09,61,-35.66,-63.75,60.8,12.57
182,La Sarre,92,CA,2019-03-22 00:29:09,93,48.8,-79.2,37.04,8.66
183,Eston,5,CA,2019-03-22 00:19:03,76,51.15,-108.75,50.0,9.17
184,Haines Junction,0,CA,2019-03-22 00:29:10,52,60.75,-137.51,44.42,3.18
185,Port Hawkesbury,75,CA,2019-03-22 00:26:01,86,45.62,-61.36,34.0,4.7
186,Pisco,0,PE,2019-03-21 23:00:00,30,-13.71,-76.2,71.6,21.92
187,Aksarka,76,RU,2019-03-22 00:29:10,84,66.56,67.8,21.92,10.45
188,Voloshka,68,RU,2019-03-22 00:29:11,93,61.33,40.09,27.5,8.32
189,Carnarvon,0,ZA,2019-03-22 00:29:11,61,-30.97,22.13,53.51,10.0
190,Xinxiang,76,CN,2019-03-22 00:29:11,54,35.3,113.88,39.92,3.18
191,Port Hedland,40,AU,2019-03-21 23:30:00,74,-20.31,118.58,86.0,20.8
192,Houston,1,US,2019-03-22 00:24:16,22,29.76,-95.37,75.99,4.7
193,Cherskiy,0,RU,2019-03-22 00:29:12,62,68.75,161.3,-7.51,2.62
194,Okato,8,NZ,2019-03-22 00:29:12,92,-39.19,173.88,68.9,7.43
195,Guerrero Negro,68,MX,2019-03-22 00:29:12,58,27.97,-114.04,64.67,17.27
196,Lompoc,75,US,2019-03-22 00:26:59,76,34.64,-120.46,60.01,9.17
197,Aurora,1,US,2019-03-22 00:16:03,65,41.76,-88.32,46.0,9.17
198,Bethel,75,US,2019-03-21 23:56:00,65,60.79,-161.76,44.6,12.75
199,Yaroslavskiy,32,RU,2019-03-22 00:29:14,77,44.19,132.23,23.9,10.45
200,Gizo,40,IL,2019-03-22 00:28:55,87,31.8,34.94,59.0,2.24
201,Roblin,0,CA,2019-03-22 00:29:14,91,51.23,-101.35,33.89,3.85
202,Souillac,0,FR,2019-03-22 00:27:10,60,45.6,-0.6,45.0,2.95
203,Metro,24,ID,2019-03-22 00:29:15,100,-5.11,105.31,77.18,4.85
204,Deputatskiy,0,RU,2019-03-22 00:29:15,48,69.3,139.9,-17.86,2.73
205,Jalu,88,LY,2019-03-22 00:29:15,43,29.03,21.55,72.59,15.03
206,Karaton,20,ID,2019-03-22 00:28:44,78,-6.34,106.1,84.0,5.82
207,Misratah,92,LY,2019-03-22 00:29:16,100,32.38,15.09,55.04,6.64
208,Pamekasan,36,ID,2019-03-22 00:29:16,100,-7.16,113.47,80.96,9.66
209,Ostrovnoy,8,RU,2019-03-22 00:29:17,82,68.05,39.51,15.44,7.54
210,Havre-Saint-Pierre,90,CA,2019-03-22 00:00:00,86,50.23,-63.6,30.2,6.93
211,Jiangyou,76,CN,2019-03-22 00:29:17,81,31.78,104.73,46.94,3.74
212,Ingham,92,AU,2019-03-22 00:29:17,92,-18.65,146.16,81.77,10.56
213,Lambarene,88,GA,2019-03-22 00:29:18,100,-0.7,10.22,72.86,2.62
214,Praia da Vitoria,40,PT,2019-03-22 00:16:09,87,38.73,-27.07,59.0,7.76
215,Saint Anthony,1,US,2019-03-22 00:25:44,24,43.97,-111.68,57.2,9.17
216,Saint-Augustin,0,FR,2019-03-22 00:27:10,86,44.83,-0.61,45.0,1.61
217,Gushikawa,75,JP,2019-03-22 00:23:10,78,26.35,127.87,71.6,14.99
218,Erdenet,8,MN,2019-03-22 00:29:19,67,49.03,104.04,4.73,2.62
219,Severo-Kurilsk,48,RU,2019-03-22 00:29:19,100,50.68,156.12,24.8,10.56
220,Namibe,0,AO,2019-03-22 00:29:19,100,-15.19,12.15,77.63,0.27
221,Marathon,56,CA,2019-03-22 00:29:20,81,48.72,-86.38,33.17,9.89
222,Quirinopolis,20,BR,2019-03-22 00:29:20,92,-18.45,-50.45,73.94,6.08
223,Constitucion,20,MX,2019-03-22 00:20:15,7,23.99,-104.67,77.0,11.41
224,Kaeo,64,NZ,2019-03-22 00:08:04,74,-35.1,173.78,72.0,5.01
225,Lamar,1,US,2019-03-22 00:17:08,18,38.09,-102.62,63.0,12.75
226,Maldonado,20,UY,2019-03-21 23:00:00,71,-34.91,-54.96,55.4,3.36
227,Riyadh,0,SA,2019-03-22 00:00:00,31,24.63,46.72,60.8,5.82
228,Sao Jose da Coroa Grande,12,BR,2019-03-22 00:29:21,97,-8.9,-35.15,76.19,4.74
229,Tongren,92,CN,2019-03-22 00:29:21,94,27.72,109.18,42.62,9.66
230,Cassilandia,100,BR,2019-03-22 00:25:57,92,-19.11,-51.73,71.69,6.98
231,Antalaha,44,MG,2019-03-22 00:29:22,93,-14.9,50.28,77.72,8.66
232,Partizanskoye,48,UA,2019-03-22 00:29:22,84,44.83,34.08,32.54,5.19
233,Sitka,36,US,2019-03-22 00:15:35,39,37.17,-99.65,60.01,3.0
234,Faanui,80,PF,2019-03-22 00:29:22,100,-16.48,-151.75,84.65,8.43
235,Krasnogvardeyskoye,68,RU,2019-03-22 00:29:23,93,45.84,41.51,42.62,7.99
236,Komsomolskiy,80,RU,2019-03-22 00:29:23,92,67.55,63.78,26.06,4.63
237,North Bend,1,US,2019-03-22 00:25:32,71,43.41,-124.22,64.0,12.75
238,Codrington,90,AU,2019-03-22 00:25:13,69,-28.95,153.24,84.99,3.4
239,Sao Filipe,12,CV,2019-03-22 00:29:24,99,14.9,-24.5,70.16,14.47
240,Leopold,90,US,2019-03-22 00:28:35,81,38.1,-86.58,45.0,5.82
241,Amga,0,RU,2019-03-22 00:29:24,62,60.89,131.98,-8.41,2.62
242,Nyaunglebin,0,MM,2019-03-22 00:29:25,81,17.95,96.73,66.74,2.06
243,Morant Bay,75,JM,2019-03-22 00:00:00,65,17.88,-76.41,80.6,2.24
244,Sabha,0,LY,2019-03-22 00:29:25,50,27.03,14.43,60.44,11.12
245,Khandyga,0,RU,2019-03-22 00:29:25,59,62.65,135.58,-7.15,3.51
246,Batemans Bay,56,AU,2019-03-22 00:27:26,73,-35.71,150.18,79.0,1.99
247,Grindavik,90,IS,2019-03-22 00:16:37,100,63.84,-22.43,35.01,12.75
248,Iqaluit,40,CA,2019-03-22 00:22:45,63,63.75,-68.52,-9.01,3.36
249,Vani,24,GE,2019-03-21 23:30:00,100,42.09,42.51,44.6,1.12
250,Mazatlan,5,MX,2019-03-22 00:17:07,25,23.22,-106.42,84.2,11.41
251,Acapulco,20,MX,2019-03-21 23:42:00,74,16.86,-99.88,82.4,11.41
252,Kahului,20,US,2019-03-22 00:23:57,39,20.89,-156.47,84.2,16.11
253,Srisailam,8,IN,2019-03-22 00:29:27,81,16.07,78.87,65.48,2.62
254,Byron Bay,90,AU,2019-03-22 00:25:13,69,-28.65,153.62,84.99,5.08
255,Petropavlovsk-Kamchatskiy,40,RU,2019-03-21 23:30:00,44,53.05,158.65,17.6,2.24
256,Hajnowka,48,PL,2019-03-22 00:29:06,83,52.74,23.58,51.01,4.0
257,Thinadhoo,76,MV,2019-03-22 00:29:28,100,0.53,72.93,84.83,7.99
258,Dikson,12,RU,2019-03-22 00:29:28,93,73.51,80.55,3.02,13.91
259,Gura Foii,0,RO,2019-03-22 00:25:33,93,44.75,25.29,46.0,8.05
260,Segezha,80,RU,2019-03-22 00:29:29,91,63.74,34.31,31.01,6.2
261,Phuthaditjhaba,88,ZA,2019-03-22 00:29:29,94,-28.53,28.82,49.55,1.95
262,San Quintin,0,PH,2019-03-22 00:29:29,65,17.54,120.52,76.91,4.18
263,Seoul,90,KR,2019-03-21 23:50:00,80,37.57,126.98,33.8,1.12
264,Port Blair,12,IN,2019-03-22 00:29:29,100,11.67,92.75,82.31,12.12
265,Ucluelet,90,CA,2019-03-22 00:26:18,87,48.94,-125.55,61.0,9.17
266,Nuuk,90,GL,2019-03-22 00:22:44,84,64.17,-51.74,-0.01,4.7
267,Dong Hoi,0,VN,2019-03-22 00:25:12,92,17.48,106.6,78.44,3.62
268,Lokosovo,88,RU,2019-03-22 00:29:30,95,61.13,74.84,29.21,7.76
269,Abaza,0,RU,2019-03-22 00:29:31,63,52.65,90.1,7.79,2.28
270,Ust-Nera,8,RU,2019-03-22 00:29:31,66,64.57,143.24,-11.56,2.62
271,Tiksi,0,RU,2019-03-22 00:29:31,63,71.64,128.87,3.2,17.05
272,Pevek,68,RU,2019-03-22 00:29:31,100,69.7,170.27,-5.62,2.17
273,Clyde River,75,CA,2019-03-22 00:00:00,67,70.47,-68.59,-22.01,8.05
274,Mackay,5,CA,2019-03-22 00:00:00,37,53.65,-115.58,57.2,9.17
275,Berdigestyakh,0,RU,2019-03-22 00:29:32,64,62.1,126.7,-8.77,3.29
276,Richards Bay,92,ZA,2019-03-22 00:29:32,100,-28.77,32.06,68.99,6.64
277,Shipunovo,0,RU,2019-03-22 00:29:33,56,52.22,82.26,2.57,2.95
278,Muros,0,ES,2019-03-22 00:28:27,81,42.77,-9.06,53.01,4.7
279,Yaan,36,NG,2019-03-22 00:29:33,86,7.38,8.57,75.92,9.55
280,Chuy,0,UY,2019-03-22 00:25:23,92,-33.69,-53.46,61.34,8.77
281,Bondo,12,CD,2019-03-22 00:29:34,73,3.81,23.69,78.71,2.95
282,Camocim,92,BR,2019-03-22 00:29:34,100,-2.9,-40.84,75.11,4.18
283,Yarada,20,IN,2019-03-21 23:00:00,88,17.65,83.27,77.0,2.24
284,San Policarpo,88,PH,2019-03-22 00:29:34,99,12.18,125.51,77.27,9.22
285,Glenn Heights,1,US,2019-03-22 00:24:38,24,32.55,-96.86,73.99,6.93
286,Pangody,88,RU,2019-03-22 00:29:35,91,65.85,74.49,24.8,8.43
287,Luau,64,CD,2019-03-22 00:29:35,86,-10.7,22.23,70.07,2.17
288,Bad Langensalza,0,DE,2019-03-22 00:28:40,75,51.11,10.65,46.99,2.24
289,Morden,1,CA,2019-03-22 00:27:13,65,49.19,-98.1,41.0,8.05
290,Nsanje,48,MZ,2019-03-22 00:29:36,93,-16.92,35.26,73.94,3.06
291,Ler,0,NO,2019-03-22 00:29:31,69,63.2,10.3,39.0,20.8
292,Vila Franca do Campo,75,PT,2019-03-22 00:24:27,82,37.72,-25.43,57.2,2.24
293,Middlebury,90,US,2019-03-22 00:29:34,93,44.01,-73.17,42.01,5.82
294,Mayor Pablo Lagerenza,44,PY,2019-03-22 00:29:37,87,-19.93,-60.77,67.37,9.78
295,Marienburg,20,DE,2019-03-22 00:28:39,93,52.12,9.98,44.01,2.73
296,Adrar,0,DZ,2019-03-22 00:00:00,30,27.87,-0.29,59.0,13.87
297,Kutina,0,HR,2019-03-22 00:25:03,80,45.48,16.78,36.0,3.36
298,Bridlington,56,GB,2019-03-22 00:29:04,87,54.08,-0.19,54.0,3.36
299,Ponerihouen,88,NC,2019-03-22 00:29:38,100,-21.08,165.4,79.61,15.26
300,Bubaque,0,GW,2019-03-22 00:29:38,100,11.28,-15.83,76.01,14.7
301,Mbandaka,68,CD,2019-03-22 00:29:39,100,0.05,18.26,71.33,4.18
302,Dire,40,ET,2019-03-22 00:00:00,45,9.18,38.92,64.4,6.93
303,Ous,0,RU,2019-03-22 00:29:39,74,60.91,61.52,18.32,3.4
304,Kununurra,0,AU,2019-03-21 23:30:00,55,-15.77,128.74,89.6,8.05
305,Aksaray,0,TR,2019-03-21 23:50:00,59,38.37,34.03,37.4,6.93
306,Mosetse,0,BW,2019-03-22 00:29:40,38,-20.64,26.64,78.89,12.35
307,Half Moon Bay,1,US,2019-03-22 00:29:37,76,37.46,-122.43,63.0,11.41
308,Gweta,48,BW,2019-03-22 00:29:40,33,-20.21,25.26,81.32,12.8
309,Ilhabela,92,BR,2019-03-22 00:29:41,100,-23.78,-45.36,73.67,14.25
310,Paradise,20,US,2019-03-22 00:28:28,21,36.12,-115.17,62.6,13.87
311,Conde,24,BR,2019-03-22 00:29:41,82,-11.81,-37.61,83.39,11.23
312,Laguna,40,MX,2019-03-21 23:47:00,29,27.52,-110.01,77.0,14.99
313,Rocha,0,UY,2019-03-22 00:29:42,69,-34.48,-54.34,56.39,6.98
314,Evinayong,80,GQ,2019-03-22 00:29:42,96,1.44,10.55,70.16,3.06
315,Carutapera,76,BR,2019-03-22 00:29:42,98,-1.2,-46.02,77.27,3.74
316,Mananjary,32,MG,2019-03-22 00:29:43,94,-19.16,46.8,58.37,2.62
317,Lavrentiya,80,RU,2019-03-22 00:29:43,100,65.58,-170.99,5.36,37.96
318,Brae,92,GB,2019-03-21 23:50:00,70,60.4,-1.35,46.4,21.92
319,Ambanja,88,MG,2019-03-22 00:29:43,98,-13.68,48.45,72.32,2.06
320,Chapais,90,CA,2019-03-22 00:05:00,87,49.78,-74.86,33.8,12.75
321,Voh,88,NC,2019-03-22 00:29:44,89,-20.95,164.69,82.04,11.01
322,Victoria,75,BN,2019-03-21 23:30:00,88,5.28,115.24,80.6,2.24
323,Clearwater,1,US,2019-03-22 00:27:29,59,27.97,-82.8,66.99,9.17
324,Waverly,90,US,2019-03-22 00:27:04,81,37.04,-77.1,46.99,8.05
325,Katsuura,75,JP,2019-03-22 00:17:30,66,33.93,134.5,55.0,18.34
326,Berekum,64,GH,2019-03-22 00:29:46,96,7.45,-2.58,70.61,4.29
327,Kushima,75,JP,2019-03-22 00:23:09,62,31.5,131.29,59.0,14.99
328,Igrim,0,RU,2019-03-22 00:29:46,87,63.19,64.42,24.26,5.97
329,Tateyama,75,JP,2019-03-22 00:27:36,81,36.66,137.31,51.01,8.05
330,Ketchikan,40,US,2019-03-22 00:00:00,62,55.34,-131.65,51.8,11.41
331,Erie,90,US,2019-03-22 00:29:25,93,42.13,-80.09,41.0,5.82
332,Katobu,12,ID,2019-03-22 00:29:47,100,-4.94,122.53,81.59,2.95
333,Horsham,20,AU,2019-03-22 00:27:02,78,-36.71,142.2,72.86,5.86
334,Trinidad,36,UY,2019-03-22 00:29:48,64,-33.52,-56.9,57.47,8.77
335,Padang,40,ID,2019-03-21 23:00:00,94,-0.92,100.36,75.2,1.12
336,Esperance,20,TT,2019-03-22 00:25:07,69,10.24,-61.45,80.6,6.93
337,Vao,68,EE,2019-03-22 00:29:48,99,59.1,26.19,34.79,14.58
338,Jining,64,CN,2019-03-22 00:17:08,28,35.41,116.58,48.99,7.2
339,Sangar,0,RU,2019-03-22 00:28:50,58,63.92,127.47,-12.55,1.95
340,Bowen,64,AU,2019-03-22 00:28:10,88,-20.01,148.25,84.0,2.24
341,Eureka,1,US,2019-03-22 00:28:37,71,40.8,-124.16,59.0,6.93
342,Zabol,0,IR,2019-03-22 00:00:00,50,31.03,61.49,57.2,11.41
343,Sao Joao da Barra,90,BR,2019-03-21 23:00:00,94,-21.64,-41.05,73.4,11.41
344,Abilene,1,US,2019-03-22 00:28:04,26,32.45,-99.73,69.8,9.17
345,Shenzhen,40,CN,2019-03-22 00:24:32,83,22.54,114.05,78.01,8.05
346,San Felipe,0,CL,2019-03-22 00:29:50,28,-32.75,-70.73,72.0,1.01
347,Faya,0,SA,2019-03-22 00:00:00,58,18.39,42.45,60.8,5.82
348,Panama City,1,US,2019-03-22 00:29:11,44,30.16,-85.65,64.4,6.93
349,Sur,8,OM,2019-03-22 00:29:52,93,22.57,59.53,72.32,8.88
350,Loandjili,40,CG,2019-03-22 00:00:00,83,-4.77,11.87,84.2,10.29
351,Altamont,1,CA,2019-03-22 00:20:18,65,49.4,-98.5,42.01,8.05
352,Benguela,8,AO,2019-03-22 00:29:52,100,-12.58,13.4,79.34,5.19
353,Noumea,0,NC,2019-03-21 23:30:00,62,-22.28,166.46,87.8,3.36
354,Ha Giang,0,VN,2019-03-22 00:29:53,76,22.83,104.99,61.7,1.72
355,Hay River,40,CA,2019-03-22 00:00:00,37,60.82,-115.79,53.6,12.75
356,Piacabucu,24,BR,2019-03-22 00:29:53,98,-10.41,-36.43,73.76,6.31
357,Havoysund,75,NO,2019-03-21 23:50:00,69,71.0,24.66,33.8,39.15
358,San Juan,1,PR,2019-03-22 00:25:46,57,18.47,-66.12,80.6,3.36
359,Daraitan,20,PH,2019-03-22 00:29:25,69,14.6,121.43,84.0,6.93
360,Vostok,80,RU,2019-03-22 00:29:56,69,46.45,135.83,17.24,4.41
361,Belyy Yar,0,RU,2019-03-21 23:30:00,85,53.6,91.39,12.2,2.24
362,Rabo de Peixe,75,PT,2019-03-22 00:29:27,82,37.8,-25.58,57.2,2.24
363,Umm Kaddadah,0,SD,2019-03-22 00:29:17,18,13.6,26.69,66.38,8.77
364,Kasongo-Lunda,32,CD,2019-03-22 00:29:57,90,-6.48,16.82,70.07,2.17
365,Samarai,76,PG,2019-03-22 00:29:57,100,-10.62,150.67,80.06,9.78
366,Norfolk,90,US,2019-03-22 00:25:17,87,36.85,-76.29,50.0,19.46
367,Walvis Bay,0,NA,2019-03-22 00:02:09,87,-22.95,14.51,61.0,11.41
368,Natal,20,BR,2019-03-21 23:00:00,78,-5.81,-35.21,82.4,5.82
369,Zaozhuang,0,CN,2019-03-22 00:29:59,56,34.86,117.55,37.49,5.75
370,Nome,1,US,2019-03-22 00:29:57,30,30.04,-94.42,73.0,5.82
371,Tocopilla,0,CL,2019-03-22 00:29:59,97,-22.09,-70.2,63.95,3.4
372,Pemberton,88,AU,2019-03-22 00:25:00,95,-34.44,116.03,64.99,4.0
373,Plattsburgh,90,US,2019-03-22 00:29:34,80,44.69,-73.46,42.8,18.34
374,Vila Velha,40,BR,2019-03-22 00:22:36,78,-3.71,-38.6,82.4,3.36
375,Flinders,75,AU,2019-03-22 00:29:21,83,-34.58,150.85,78.01,1.12
376,Taltal,0,CL,2019-03-22 00:30:01,87,-25.41,-70.49,62.24,2.39
377,San Alberto,0,PY,2019-03-21 23:00:00,83,-24.98,-54.91,69.8,6.93
378,Ayr,75,GB,2019-03-22 00:23:31,87,55.46,-4.63,50.0,11.41
379,Cap Malheureux,75,MU,2019-03-22 00:29:01,74,-19.98,57.61,82.4,4.7
380,Belen,0,TR,2019-03-22 00:26:02,93,36.49,36.19,55.99,4.7
381,Shar,88,NG,2019-03-22 00:30:09,81,7.3,8.73,78.08,12.24
382,Antsohihy,56,MG,2019-03-22 00:30:09,100,-14.88,47.99,73.04,1.72
383,Cairns,75,AU,2019-03-22 00:25:16,78,-16.92,145.77,78.01,10.29
384,Jiwani,68,PK,2019-03-22 00:30:10,94,25.05,61.74,67.37,0.49
385,Platteville,1,US,2019-03-22 00:28:03,70,42.73,-90.48,48.2,12.75
386,Klaksvik,92,FO,2019-03-22 00:20:00,81,62.23,-6.59,42.8,27.51
387,Tornio,0,FI,2019-03-22 00:27:17,59,61.12,27.27,37.4,12.75
388,Shimoda,75,JP,2019-03-22 00:22:53,72,34.7,138.93,66.2,9.17
389,Ayagoz,0,KZ,2019-03-22 00:30:12,58,47.96,80.43,3.74,2.95
390,Mahajanga,40,MG,2019-03-22 00:00:00,88,-15.72,46.32,78.8,4.7
391,Tupiza,44,BO,2019-03-22 00:30:12,48,-21.44,-65.72,46.58,2.39
392,Vestmannaeyjar,76,IS,2019-03-22 00:30:13,97,63.44,-20.27,38.21,17.94
393,Mount Gambier,90,AU,2019-03-21 23:00:00,93,-37.83,140.78,66.2,11.41
394,Luanda,75,AO,2019-03-22 00:00:00,83,-8.83,13.24,82.4,5.82
395,Hambantota,0,LK,2019-03-22 00:30:13,100,6.12,81.12,79.16,7.31
396,Penzance,90,GB,2019-03-22 00:30:06,93,50.12,-5.53,53.01,5.82
397,Limbang,75,BN,2019-03-21 23:30:00,94,4.75,115.01,80.6,4.7
398,Rio Grande,20,BR,2019-03-22 00:25:19,93,-32.03,-52.1,65.66,8.99
399,Chernyshevskiy,76,RU,2019-03-22 00:30:16,80,63.01,112.47,11.39,9.22
400,Vestmanna,92,FO,2019-03-22 00:20:00,81,62.16,-7.17,42.8,27.51
401,Mehamn,56,NO,2019-03-22 00:30:17,82,71.03,27.85,32.0,19.73
402,Gigmoto,8,PH,2019-03-22 00:30:18,95,13.78,124.39,79.88,7.99
403,Hovd,0,NO,2019-03-22 00:30:16,69,63.83,10.7,39.99,20.8
404,Kuching,75,MY,2019-03-21 23:30:00,94,1.56,110.34,77.0,2.24
405,Alyangula,75,AU,2019-03-21 23:25:00,83,-13.85,136.42,84.2,11.41
406,Kuryk,0,KZ,2019-03-22 00:30:19,94,43.18,51.68,40.37,4.18
407,Los Andes,0,CL,2019-03-22 00:29:50,23,-32.83,-70.6,77.0,12.75
408,Harnosand,0,SE,2019-03-22 00:26:16,64,62.63,17.94,36.0,8.05
409,Gravdal,0,NO,2019-03-22 00:30:09,100,59.79,5.78,39.0,10.29
410,Bima,64,ID,2019-03-22 00:28:36,88,-8.45,118.73,81.14,5.19
411,Tayu,75,JP,2019-03-22 00:24:04,71,35.06,136.67,66.0,31.09
412,Aqtobe,0,KZ,2019-03-21 23:30:00,85,50.28,57.21,24.8,4.47
413,Orlik,8,RU,2019-03-22 00:30:21,60,52.51,99.83,-7.15,1.95
414,Fonte Boa,36,BR,2019-03-22 00:30:22,93,-2.51,-66.09,78.44,2.62
415,San Cristobal,40,EC,2019-03-22 00:17:13,87,-0.39,-78.55,59.0,9.17
416,Lazaro Cardenas,20,MX,2019-03-22 00:25:40,19,28.39,-105.62,80.6,12.75
417,Pindushi,92,RU,2019-03-22 00:30:23,91,62.92,34.58,29.57,7.76
418,Coihaique,75,CL,2019-03-22 00:00:00,66,-45.58,-72.07,55.4,3.36
419,Mandalgovi,0,MN,2019-03-22 00:30:24,62,45.76,106.27,12.47,10.89
420,Garowe,0,SO,2019-03-22 00:30:24,93,8.41,48.48,61.25,6.2
421,Aleksin,88,RU,2019-03-21 23:00:00,84,54.5,37.07,32.0,4.47
422,Jablah,0,SY,2019-03-22 00:00:00,71,35.36,35.93,53.6,4.7
423,Zhezkazgan,68,KZ,2019-03-22 00:30:25,65,47.8,67.71,22.01,6.64
424,Williams Lake,40,CA,2019-03-22 00:00:00,17,52.13,-122.14,60.8,2.24
425,Freeport,20,BS,2019-03-22 00:00:00,88,26.54,-78.7,66.2,3.36
426,Honningsvag,48,NO,2019-03-22 00:30:25,92,70.98,25.97,33.44,21.3
427,Winslow,90,GB,2019-03-22 00:30:18,87,51.94,-0.88,53.01,3.36
428,Vale,68,GE,2019-03-22 00:30:27,91,41.62,42.88,19.67,2.28
429,Seddon,0,NZ,2019-03-22 00:30:04,71,-41.67,174.07,75.99,15.01
430,Consuegra,0,ES,2019-03-22 00:30:25,62,39.46,-3.61,42.01,5.01
431,Santa Isabel,90,CO,2019-03-22 00:00:00,100,4.71,-75.1,73.4,4.7
432,Obo,8,CF,2019-03-22 00:30:28,79,5.39,26.49,68.99,2.84
433,Le Port,0,FR,2019-03-22 00:30:03,66,42.87,1.37,39.0,1.83
434,Griffith,90,AU,2019-03-21 23:00:00,53,-34.29,146.06,80.6,8.05
435,Pangnirtung,8,CA,2019-03-22 00:30:30,34,66.15,-65.72,-23.98,2.17
436,Mildura,68,AU,2019-03-22 00:15:31,41,-34.18,142.16,90.0,9.17
437,Nurota,20,UZ,2019-03-21 23:30:00,93,40.56,65.69,41.0,4.7
438,Pechenga,56,RU,2019-03-22 00:30:31,96,58.89,41.46,29.3,8.32
439,Krasnorechenskiy,68,RU,2019-03-22 00:30:31,55,44.63,135.35,26.15,5.97
440,Goure,0,NE,2019-03-22 00:30:31,48,13.98,10.27,75.38,2.73
441,Szydlowiec,0,PL,2019-03-22 00:30:29,79,51.23,20.86,51.01,1.99
442,Adre,0,TD,2019-03-22 00:30:32,28,13.47,22.2,68.54,6.64
443,Jaslo,75,PL,2019-03-22 00:30:11,80,49.75,21.47,46.0,10.29
444,Tupik,12,RU,2019-03-22 00:30:32,52,54.43,119.94,8.69,3.4
445,Cabo San Lucas,5,MX,2019-03-22 00:17:55,47,22.89,-109.91,78.8,4.7
446,Pahrump,40,US,2019-03-22 00:25:02,62,36.21,-115.98,51.8,4.7
447,Kieta,80,PG,2019-03-22 00:30:33,100,-6.22,155.63,78.26,4.63
448,Chaozhou,75,CN,2019-03-21 23:00:00,100,23.66,116.62,71.6,6.71
449,Igarka,88,RU,2019-03-22 00:30:34,92,67.47,86.57,25.61,10.67
450,Puerto del Rosario,0,ES,2019-03-22 00:00:00,72,28.5,-13.86,62.6,19.46
451,Indiana,90,US,2019-03-22 00:25:27,93,40.62,-79.15,48.2,3.36
452,Punta Alta,0,AR,2019-03-22 00:00:00,63,-27.46,-55.82,66.2,4.7
453,Amboasary,75,MG,2019-03-22 00:00:00,94,-25.04,46.38,78.8,7.43
454,Aklavik,90,CA,2019-03-22 00:00:00,78,68.22,-135.01,14.0,12.75
455,Palmas Bellas,20,PA,2019-03-22 00:17:35,65,9.23,-80.09,82.4,11.41
456,Borger,90,NL,2019-03-22 00:30:25,93,52.92,6.79,48.2,1.12
457,Mirabad,0,IR,2019-03-22 00:30:37,55,28.27,61.33,45.59,7.54
458,Rincon,1,US,2019-03-22 00:30:24,41,32.3,-81.24,64.0,9.17
459,Astara,0,AZ,2019-03-22 00:00:00,100,38.42,48.87,35.6,3.36
460,Fukue,75,JP,2019-03-22 00:24:04,71,35.03,136.69,66.0,31.09
461,Arkansas City,1,US,2019-03-22 00:28:46,38,37.06,-97.04,63.0,4.7
462,Sept-Iles,90,CA,2019-03-22 00:30:15,86,50.2,-66.38,30.99,9.17
463,Moranbah,0,AU,2019-03-22 00:30:38,67,-22.0,148.04,82.85,7.99
464,Japura,0,ID,2019-03-22 00:30:39,95,-0.42,102.29,73.76,2.17
465,Maceio,20,BR,2019-03-21 23:00:00,69,-9.67,-35.74,82.4,9.17
466,Challapata,32,BO,2019-03-22 00:30:40,43,-18.9,-66.78,45.77,2.84
467,Sungairaya,24,ID,2019-03-22 00:26:51,86,0.7,108.9,77.99,4.63
468,Senador Jose Porfirio,8,BR,2019-03-22 00:30:41,88,-2.59,-51.95,79.79,4.74
469,Marawi,0,PH,2019-03-22 00:16:25,75,8.0,124.29,79.0,3.0
470,Sisimiut,8,GL,2019-03-22 00:30:41,40,66.94,-53.67,-26.95,1.72
471,Tashla,90,RU,2019-03-21 23:30:00,96,53.71,49.75,32.0,2.24
472,Katherine,0,AU,2019-03-21 23:30:00,83,-14.47,132.26,78.8,5.82
473,Zeya,0,RU,2019-03-22 00:30:42,49,53.74,127.27,7.7,4.52
474,Pontian Kecil,24,MY,2019-03-22 00:17:42,83,1.48,103.39,80.6,2.24
475,Hirara,40,JP,2019-03-22 00:00:00,83,24.8,125.28,77.0,13.87
476,Maltahohe,0,NA,2019-03-22 00:30:43,30,-24.83,16.98,63.41,5.86
477,Nabire,8,ID,2019-03-22 00:30:43,84,-3.36,135.5,76.19,2.17
478,Constantine,75,DZ,2019-03-22 00:00:00,87,36.36,6.61,42.8,3.36
479,Tommot,0,RU,2019-03-22 00:30:44,61,58.97,126.27,-0.4,2.51
480,Talakan,0,RU,2019-03-22 00:30:44,57,50.29,130.28,13.01,5.08
481,Belmonte,0,PT,2019-03-22 00:17:04,81,40.36,-7.35,37.0,2.39
482,Plouzane,90,FR,2019-03-22 00:28:07,81,48.38,-4.62,48.2,8.05
483,Ambatondrazaka,24,MG,2019-03-22 00:30:46,97,-17.82,48.43,64.94,1.95
484,North Platte,0,US,2019-03-22 00:30:07,34,41.12,-100.77,62.01,3.4
485,Lumberton,1,US,2019-03-22 00:30:06,30,30.27,-94.2,71.01,5.82
486,Vizinga,80,RU,2019-03-22 00:30:46,92,61.08,50.08,28.85,4.97
487,Borborema,56,BR,2019-03-22 00:30:46,90,-21.62,-49.07,69.8,18.05
488,Berlevag,32,NO,2019-03-22 00:30:47,100,70.86,29.09,31.46,18.84
489,Sao Joao do Paraiso,88,BR,2019-03-22 00:30:47,95,-15.31,-42.01,68.27,3.29
490,El Real de Santa Maria,0,PA,2019-03-22 00:30:47,66,8.11,-77.73,81.14,8.99
491,Macas,75,EC,2019-03-21 23:00:00,69,-2.3,-78.12,77.0,5.82
492,Iquitos,0,PE,2019-03-21 23:00:00,319,-3.75,-73.25,42.8,3.36
493,Balabac,88,PH,2019-03-22 00:30:48,100,7.99,117.06,81.5,10.56
494,Qaqortoq,32,GL,2019-03-21 23:50:00,42,60.72,-46.03,6.8,5.82
495,La Ronge,5,CA,2019-03-22 00:00:00,33,55.1,-105.3,46.4,4.7
496,Manono,76,CD,2019-03-22 00:30:49,94,-7.3,27.4,71.51,3.18
497,Poindimie,88,NC,2019-03-22 00:30:50,100,-20.93,165.33,79.61,15.26
498,Anadyr,0,RU,2019-03-22 00:00:00,75,64.73,177.51,-13.01,13.42
499,Matamoros,90,US,2019-03-22 00:26:42,64,25.87,-97.51,73.4,10.29
500,Huilong,92,CN,2019-03-22 00:30:50,96,28.89,110.18,40.28,6.31
501,Sibolga,8,ID,2019-03-22 00:30:51,100,1.74,98.78,68.36,1.72
502,Atar,80,MR,2019-03-22 00:30:51,20,20.52,-13.05,72.32,4.63
503,Tuatapere,24,NZ,2019-03-22 00:30:51,77,-46.13,167.69,66.11,1.61
504,Alekseyevsk,36,RU,2019-03-22 00:30:51,76,57.84,108.35,15.53,5.64
505,Itoman,75,JP,2019-03-22 00:23:10,78,26.12,127.67,71.6,14.99
506,Broken Hill,0,AU,2019-03-21 23:00:00,21,-31.97,141.45,84.2,14.99
507,Malanje,24,AO,2019-03-22 00:30:52,94,-9.54,16.35,64.76,2.28
508,Ayotzintepec,92,MX,2019-03-22 00:30:52,97,17.67,-96.13,62.96,1.95
509,Sobolevo,92,RU,2019-03-22 00:30:52,94,54.43,31.9,37.49,12.91
510,Saqqez,0,IR,2019-03-22 00:30:53,73,36.24,46.27,17.87,2.73
511,El Vigia,40,MX,2019-03-22 00:28:54,29,26.85,-109.72,79.0,14.99
512,Bandarbeyla,88,SO,2019-03-22 00:30:53,100,9.49,50.81,77.0,6.42
513,Salinopolis,92,BR,2019-03-22 00:30:53,100,-0.61,-47.36,79.16,6.98
514,Havelock,1,US,2019-03-22 00:30:13,71,34.88,-76.9,55.99,8.05
515,De-Kastri,68,RU,2019-03-22 00:30:54,100,51.48,140.77,9.86,9.66
516,Moree,0,AU,2019-03-22 00:17:26,58,-29.46,149.84,84.99,16.11
517,Khorixas,0,NA,2019-03-22 00:30:54,65,-20.37,14.96,63.32,2.73
518,Micheldorf,0,AT,2019-03-22 00:30:31,81,46.91,14.43,34.0,5.82
519,Borba,32,PT,2019-03-22 00:30:55,61,38.81,-7.46,43.34,6.98
520,ChengDe,0,CN,2019-03-22 00:30:55,44,40.97,117.93,31.1,6.76
521,Emerald,75,AU,2019-03-22 00:27:14,69,-23.53,148.16,84.0,9.17
522,Warri,12,NG,2019-03-22 00:30:06,91,5.52,5.75,78.53,7.65
523,Miguel Calmon,36,BR,2019-03-22 00:30:55,82,-11.43,-40.6,73.49,6.2
524,Porto Novo,75,BR,2019-03-22 00:00:00,88,-23.68,-45.44,66.2,12.75
525,Abha,0,SA,2019-03-22 00:00:00,58,18.22,42.5,60.8,5.82
526,Campbell River,75,CA,2019-03-22 00:17:27,50,50.02,-125.24,62.6,5.82
527,Tomari,80,RU,2019-03-22 00:30:56,98,47.76,142.06,15.62,16.26
528,Henties Bay,0,NA,2019-03-22 00:02:09,90,-22.12,14.28,61.0,5.99
529,Beringovskiy,0,RU,2019-03-22 00:30:57,100,63.05,179.32,-0.67,19.51
